{
    "0.001": {
        "n_percolation": 0,
        "avg_infected": 1.8500000000000005
    },
    "0.0016551724137931034": {
        "n_percolation": 0,
        "avg_infected": 2.4999999999999996
    },
    "0.002310344827586207": {
        "n_percolation": 0,
        "avg_infected": 2.349999999999999
    },
    "0.00296551724137931": {
        "n_percolation": 0,
        "avg_infected": 6.200000000000001
    },
    "0.0036206896551724136": {
        "n_percolation": 0,
        "avg_infected": 4.450000000000001
    },
    "0.004275862068965517": {
        "n_percolation": 0,
        "avg_infected": 12.199999999999996
    },
    "0.00493103448275862": {
        "n_percolation": 0,
        "avg_infected": 15.95
    },
    "0.005586206896551724": {
        "n_percolation": 0,
        "avg_infected": 3.5000000000000004
    },
    "0.006241379310344827": {
        "n_percolation": 0,
        "avg_infected": 4.600000000000001
    },
    "0.00689655172413793": {
        "n_percolation": 0,
        "avg_infected": 33.099999999999994
    },
    "0.007551724137931034": {
        "n_percolation": 0,
        "avg_infected": 4.400000000000001
    },
    "0.008206896551724137": {
        "n_percolation": 0,
        "avg_infected": 4.900000000000002
    },
    "0.00886206896551724": {
        "n_percolation": 0,
        "avg_infected": 4.400000000000001
    },
    "0.009517241379310343": {
        "n_percolation": 0,
        "avg_infected": 11.349999999999993
    },
    "0.01017241379310345": {
        "n_percolation": 0,
        "avg_infected": 30.3
    },
    "0.010827586206896552": {
        "n_percolation": 0,
        "avg_infected": 5.100000000000001
    },
    "0.011482758620689655": {
        "n_percolation": 0,
        "avg_infected": 44.250000000000014
    },
    "0.012137931034482758": {
        "n_percolation": 0,
        "avg_infected": 7.300000000000002
    },
    "0.012793103448275861": {
        "n_percolation": 0,
        "avg_infected": 36.10000000000003
    },
    "0.013448275862068964": {
        "n_percolation": 0,
        "avg_infected": 48.50000000000003
    },
    "0.014103448275862067": {
        "n_percolation": 0,
        "avg_infected": 77.25000000000001
    },
    "0.01475862068965517": {
        "n_percolation": 0,
        "avg_infected": 23.299999999999994
    },
    "0.015413793103448276": {
        "n_percolation": 0,
        "avg_infected": 37.15
    },
    "0.01606896551724138": {
        "n_percolation": 0,
        "avg_infected": 41.150000000000006
    },
    "0.016724137931034482": {
        "n_percolation": 0,
        "avg_infected": 55.100000000000016
    },
    "0.017379310344827585": {
        "n_percolation": 0,
        "avg_infected": 94.95000000000003
    },
    "0.018034482758620688": {
        "n_percolation": 0,
        "avg_infected": 82.05
    },
    "0.01868965517241379": {
        "n_percolation": 0,
        "avg_infected": 24.4
    },
    "0.019344827586206897": {
        "n_percolation": 0,
        "avg_infected": 117.3
    },
    "0.02": {
        "n_percolation": 0,
        "avg_infected": 78.75000000000003
    }
}