{
    "0.001": {
        "n_percolation": 17,
        "avg_infected": 596.25
    },
    "0.003111111111111111": {
        "n_percolation": 20,
        "avg_infected": 675.9999999999999
    },
    "0.005222222222222222": {
        "n_percolation": 20,
        "avg_infected": 675.9999999999999
    },
    "0.007333333333333333": {
        "n_percolation": 20,
        "avg_infected": 675.9999999999999
    },
    "0.009444444444444443": {
        "n_percolation": 20,
        "avg_infected": 675.9999999999999
    },
    "0.011555555555555555": {
        "n_percolation": 20,
        "avg_infected": 675.9999999999999
    },
    "0.013666666666666667": {
        "n_percolation": 20,
        "avg_infected": 675.9999999999999
    },
    "0.015777777777777776": {
        "n_percolation": 20,
        "avg_infected": 675.9999999999999
    },
    "0.017888888888888888": {
        "n_percolation": 20,
        "avg_infected": 675.9999999999999
    },
    "0.02": {
        "n_percolation": 20,
        "avg_infected": 675.9999999999999
    }
}