{
    "0.0": {
        "n_percolation": 0,
        "avg_infected": 0.9999999999999999
    },
    "0.001": {
        "n_percolation": 0,
        "avg_infected": 1.2
    },
    "0.002": {
        "n_percolation": 0,
        "avg_infected": 5.8
    },
    "0.003": {
        "n_percolation": 0,
        "avg_infected": 1.4
    },
    "0.004": {
        "n_percolation": 0,
        "avg_infected": 4.8999999999999995
    },
    "0.005": {
        "n_percolation": 0,
        "avg_infected": 1.6000000000000003
    },
    "0.006": {
        "n_percolation": 0,
        "avg_infected": 6.799999999999999
    },
    "0.007": {
        "n_percolation": 0,
        "avg_infected": 8.0
    },
    "0.008": {
        "n_percolation": 0,
        "avg_infected": 93.6
    },
    "0.009000000000000001": {
        "n_percolation": 0,
        "avg_infected": 21.9
    },
    "0.01": {
        "n_percolation": 0,
        "avg_infected": 15.899999999999999
    }
}